{"text": " \uc774\ub807\uac8c \ub9cc\ub09c\ud788 \ubc18\uac11\ub124\uc694", "segments": [{"id": 0, "seek": 0, "start": 11.62, "end": 14.76, "text": " \uc774\ub807\uac8c \ub9cc\ub09c\ud788 \ubc18\uac11\ub124\uc694", "tokens": [50364, 5483, 8165, 16662, 5905, 16396, 27358, 35969, 50464], "temperature": 0.0, "avg_logprob": -0.8500530242919921, "compression_ratio": 0.7441860465116279, "no_speech_prob": 0.39595118165016174, "words": [{"word": " \uc774\ub807\uac8c", "start": 11.62, "end": 13.02, "probability": 0.0701623260974884}, {"word": " \ub9cc\ub09c\ud788", "start": 13.02, "end": 14.38, "probability": 0.7604461908340454}, {"word": " \ubc18\uac11\ub124\uc694", "start": 14.38, "end": 14.76, "probability": 0.9128645261128744}]}], "language": "ko"}