{"text": " \uad1c\ucc2e\uc73c\uc2e0\uac00\uc694, \ucc38\uc73c \uc528?", "segments": [{"id": 0, "seek": 0, "start": 0.0, "end": 0.92, "text": " \uad1c\ucc2e\uc73c\uc2e0\uac00\uc694, \ucc38\uc73c \uc528?", "tokens": [50364, 18286, 10307, 7575, 28517, 11, 18255, 10307, 17394, 30, 50864], "temperature": 0.0, "avg_logprob": -0.7452418009440104, "compression_ratio": 0.775, "no_speech_prob": 0.020891675725579262, "words": [{"word": " \uad1c\ucc2e\uc73c\uc2e0\uac00\uc694,", "start": 0.0, "end": 0.44, "probability": 0.7599069643765688}, {"word": " \ucc38\uc73c", "start": 0.56, "end": 0.76, "probability": 0.5602080225944519}, {"word": " \uc528?", "start": 0.76, "end": 0.92, "probability": 0.3808863162994385}]}], "language": "ko"}