{"text": " \ub3d9\uc5b4\ub974\uc2dc\ub098\uc694? \uc5b4, I'm the child once again. \uc774\uac8c \ubb50\uc57c?", "segments": [{"id": 0, "seek": 0, "start": 0.0, "end": 1.68, "text": " \ub3d9\uc5b4\ub974\uc2dc\ub098\uc694?", "tokens": [50364, 11685, 6540, 98, 17058, 2163, 26057, 30, 50448], "temperature": 1.0, "avg_logprob": -2.5214227529672475, "compression_ratio": 0.8552631578947368, "no_speech_prob": 0.02230926975607872}, {"id": 1, "seek": 0, "start": 1.86, "end": 3.7, "text": " \uc5b4, I'm the child once again.", "tokens": [50457, 9076, 11, 286, 478, 264, 1440, 1564, 797, 13, 50549], "temperature": 1.0, "avg_logprob": -2.5214227529672475, "compression_ratio": 0.8552631578947368, "no_speech_prob": 0.02230926975607872}, {"id": 2, "seek": 0, "start": 4.0, "end": 5.5, "text": " \uc774\uac8c \ubb50\uc57c?", "tokens": [50564, 10496, 18410, 30, 50639], "temperature": 1.0, "avg_logprob": -2.5214227529672475, "compression_ratio": 0.8552631578947368, "no_speech_prob": 0.02230926975607872}], "language": "ko"}